{"cameraMode":{"drawMode":0,"name":"Shaded","section":"Shading Mode"},"sceneLighting":true,"audioPlay":false,"sceneViewState":{"showFog":true,"showMaterialUpdate":false,"showSkybox":true,"showFlares":true,"showImageEffects":true,"showParticleSystems":true},"in2DMode":false,"pivot":{"x":28.824087142944337,"y":35.06280517578125,"z":-10.915241241455079},"rotation":{"x":-0.2521190047264099,"y":-0.7136353254318237,"z":0.3138324022293091,"w":-0.5733104944229126},"size":34.0155029296875,"orthographic":false}